{
  "mean": 0.501246636571864,
  "std": 1.0887779313223471
}