{
  "mean": 0.5004081716374488,
  "std": 1.0956460585343768
}