{
  "mean": -2.1678116556264433,
  "std": 2.7779713703544178
}