{
  "mean": 0.6132017513582564,
  "std": 1.3822502544942288
}