{
  "mean_1d": -28.408233482411756,
  "std_1d": 71.83677665388949,
  "mean_2d": 0.4833581767374943,
  "std_2d": 1.121240722457931
}