{
  "mean": 0.5031279512752996,
  "std": 1.1043156573775947
}