{
  "mean_1d": -4.527392879618025,
  "std_1d": 32.021986368900535,
  "mean_2d": 0.5031279512752996,
  "std_2d": 1.1043156573775947
}