{
  "mean": 3.4420661007257043,
  "std": 499.0728721194862
}