{
  "mean": -28.408233482411756,
  "std": 71.83677665388949
}