{
  "mean": -4.608433765976855,
  "std": 33.42490037971054
}