{
  "mean": 0.4833581767374943,
  "std": 1.121240722457931
}