{
  "mean": -4.527392879618025,
  "std": 32.021986368900535
}